{
  "training_config": {
    "sample_every": 20,
    "resize_w": 1366,
    "resize_h": 768,
    "window_size": 8,
    "horizon_steps": 4,
    "model_path": "models/crowd_predictor.joblib"
  },
  "series": [
    {
      "counts": [
        12,
        19,
        10,
        23,
        15,
        21,
        10,
        21,
        11,
        23,
        12,
        22,
        13,
        22,
        11,
        26,
        11,
        22,
        15,
        22,
        13,
        25,
        11,
        22,
        11,
        22,
        12,
        27,
        12,
        23
      ],
      "densities": [
        0.4834875625305027,
        0.6739577614080039,
        0.4440866733772572,
        0.7421045708272328,
        0.6201700905929722,
        0.8008441617862372,
        0.5693955130551489,
        0.6592697657393851,
        0.5184836734382625,
        0.847189177647633,
        0.6111441556857004,
        0.7838961078574914,
        0.6358904114812104,
        0.8826819103831137,
        0.5469979639458272,
        0.9088932482308443,
        0.48424727000976087,
        0.7218650866276233,
        0.7136341279282576,
        0.7913683122864812,
        0.6182932223035628,
        0.9932322169350903,
        0.6014643194851147,
        0.8244837420693021,
        0.5420336520863837,
        0.7264595534407028,
        0.5496593231454368,
        0.9483151079795022,
        0.643145284285017,
        0.8719440123230844
      ],
      "elapsed": [
        0.03333333333333333,
        0.06666666666666667,
        0.1,
        0.13333333333333333,
        0.16666666666666666,
        0.2,
        0.23333333333333334,
        0.26666666666666666,
        0.3,
        0.3333333333333333,
        0.36666666666666664,
        0.4,
        0.43333333333333335,
        0.4666666666666667,
        0.5,
        0.5333333333333333,
        0.5666666666666667,
        0.6,
        0.6333333333333333,
        0.6666666666666666,
        0.7,
        0.7333333333333333,
        0.7666666666666667,
        0.8,
        0.8333333333333334,
        0.8666666666666667,
        0.9,
        0.9333333333333333,
        0.9666666666666667,
        1.0
      ]
    },
    {
      "counts": [
        12,
        27,
        14,
        22,
        12,
        27,
        13,
        23,
        10,
        21,
        14,
        22,
        15,
        20,
        14,
        21,
        12,
        23,
        15,
        23,
        13,
        24,
        15,
        16,
        12,
        14,
        10,
        22,
        8,
        15
      ],
      "densities": [
        0.589573991886286,
        0.9560646961932651,
        0.6386137292581747,
        0.7774104746217667,
        0.5602952278550513,
        0.9275027452415813,
        0.628459195034163,
        0.8794552983162518,
        0.4771706472669595,
        0.7423819546120058,
        0.6423674658369937,
        0.8245428410200097,
        0.6954354639458272,
        0.9295836002318204,
        0.6853886423255247,
        0.8019556033430942,
        0.5534102000976086,
        0.7718227641532455,
        0.7332673712786725,
        0.9016031066983895,
        0.6486214693142996,
        0.9311239857857492,
        0.6666609474133723,
        0.6243775545998048,
        0.5205216340287946,
        0.6122937255978526,
        0.5471104425939483,
        0.8346916559907271,
        0.30082128477306,
        0.38188026171303074
      ],
      "elapsed": [
        0.03333333333333333,
        0.06666666666666667,
        0.1,
        0.13333333333333333,
        0.16666666666666666,
        0.2,
        0.23333333333333334,
        0.26666666666666666,
        0.3,
        0.3333333333333333,
        0.36666666666666664,
        0.4,
        0.43333333333333335,
        0.4666666666666667,
        0.5,
        0.5333333333333333,
        0.5666666666666667,
        0.6,
        0.6333333333333333,
        0.6666666666666666,
        0.7,
        0.7333333333333333,
        0.7666666666666667,
        0.8,
        0.8333333333333334,
        0.8666666666666667,
        0.9,
        0.9333333333333333,
        0.9666666666666667,
        1.0
      ]
    },
    {
      "counts": [
        12,
        23,
        12,
        21,
        15,
        20,
        15,
        21,
        12,
        22,
        15,
        20,
        14,
        25,
        9,
        20,
        14,
        18,
        10,
        18,
        8,
        15,
        5,
        8,
        6,
        11,
        7,
        9,
        8,
        9
      ],
      "densities": [
        0.5400700417886775,
        0.8424479166666666,
        0.5674833760370913,
        0.8453771275622255,
        0.7774571818570034,
        0.8325593277208394,
        0.6636040065275745,
        0.7619532393850659,
        0.5393303516959492,
        0.6918790416056613,
        0.7377388741459249,
        0.8040488500488043,
        0.6546724392996583,
        0.9388850125061006,
        0.45230047431673986,
        0.7201655151903368,
        0.5890401949121523,
        0.7676858376037091,
        0.5316560669838946,
        0.7684531707540263,
        0.27892702995363594,
        0.36618853709126403,
        0.17677640007320644,
        0.19815496888726208,
        0.20245108132015618,
        0.2712813415080527,
        0.1850788494387506,
        0.23119604837725719,
        0.22143137658613957,
        0.23115982643972668
      ],
      "elapsed": [
        0.03333333333333333,
        0.06666666666666667,
        0.1,
        0.13333333333333333,
        0.16666666666666666,
        0.2,
        0.23333333333333334,
        0.26666666666666666,
        0.3,
        0.3333333333333333,
        0.36666666666666664,
        0.4,
        0.43333333333333335,
        0.4666666666666667,
        0.5,
        0.5333333333333333,
        0.5666666666666667,
        0.6,
        0.6333333333333333,
        0.6666666666666666,
        0.7,
        0.7333333333333333,
        0.7666666666666667,
        0.8,
        0.8333333333333334,
        0.8666666666666667,
        0.9,
        0.9333333333333333,
        0.9666666666666667,
        1.0
      ]
    },
    {
      "counts": [
        16,
        15,
        11,
        16,
        15,
        17,
        14,
        18,
        15,
        16,
        18,
        18,
        14,
        21,
        14,
        18,
        15,
        18,
        13,
        15,
        14,
        14,
        15,
        13,
        12,
        14,
        13,
        14,
        12,
        12
      ],
      "densities": [
        0.43908899920693023,
        0.47326249084919475,
        0.41359828727428016,
        0.5230323862249878,
        0.5002726177403611,
        0.43102485206198143,
        0.35510367099804785,
        0.3259335727794046,
        0.2927609504636408,
        0.29323088244265494,
        0.26070930179355783,
        0.2486750396534895,
        0.24622719924353342,
        0.2737215562469497,
        0.2592890205588092,
        0.28357297004636406,
        0.3959467651903367,
        0.38400973035627134,
        0.32839094527818447,
        0.22060589769399708,
        0.2756956518423621,
        0.3403051030990727,
        0.1670908446193265,
        0.16506718216203026,
        0.16799353343094192,
        0.13846121583699367,
        0.1528937515251342,
        0.2690870546608102,
        0.27962573206442165,
        0.30755189269155686
      ],